Workbook

Sheet VAA
A1: abdelhadi benomar | B1: AVOCAT1
A2: Identifiant Fiscal : | B2: 33409872
A3: Annee Versement : | B3: 2024
A4: Exercice Fiscal Du : | B4: 45292
A5: Exercice Fiscal Au : | B5: 45657
A8: Année | B8: N° Dossier (5CHIFFRE) | C8: Description Dossier | D8: Code N° dossier | E8: Date enregistrement | F8: Date encaissement | G8: Réference paiement | H8: Description affaire | I8: Nature affaire | J8: Nom Tribunal | K8: Tribunal
A9: 2024 | B9: 2953 | C9: =IFERROR(INDEX('• Code Numéro dossier'!B:B,MATCH(D9,'• Code Numéro dossier'!A:A,0)),"") -> جنحي عادي استئنافي | D9: 2801 | E9: 45376 | F9: 45376 | H9: Pénale | I9: =IFERROR(INDEX('• Nature affaire juridique'!B:B,MATCH(H9,'• Nature affaire juridique'!A:A,0)),"") -> PENAL | J9: Tribunal d’appel de Rabat / محكمة الاستئناف - بالرباط | K9: =IFERROR(INDEX('• Référence de tribunal'!A:A,MATCH(J9,'• Référence de tribunal'!B:B,0)),"") -> TR_APPL_1
A10: 2024 | B10: 1635 | C10: =IFERROR(INDEX('• Code Numéro dossier'!B:B,MATCH(D10,'• Code Numéro dossier'!A:A,0)),"") -> جنحي عادي استئنافي | D10: 2801 | E10: 45468 | F10: 45468 | H10: Pénale | I10: =IFERROR(INDEX('• Nature affaire juridique'!B:B,MATCH(H10,'• Nature affaire juridique'!A:A,0)),"") -> PENAL | J10: Tribunal d’appel de Rabat / محكمة الاستئناف - بالرباط | K10: =IFERROR(INDEX('• Référence de tribunal'!A:A,MATCH(J10,'• Référence de tribunal'!B:B,0)),"") -> TR_APPL_1
A11: 2024 | B11: 99 | C11: =IFERROR(INDEX('• Code Numéro dossier'!B:B,MATCH(D11,'• Code Numéro dossier'!A:A,0)),"") -> الاستعجالي | D11: 1402 | E11: 45337 | F11: 45337 | H11: Civile | I11: =IFERROR(INDEX('• Nature affaire juridique'!B:B,MATCH(H11,'• Nature affaire juridique'!A:A,0)),"") -> CIVIL | J11: Tribunal d’appel de Rabat / محكمة الاستئناف - بالرباط | K11: =IFERROR(INDEX('• Référence de tribunal'!A:A,MATCH(J11,'• Référence de tribunal'!B:B,0)),"") -> TR_APPL_1
A12: 2024 | B12: 477 | C12: =IFERROR(INDEX('• Code Numéro dossier'!B:B,MATCH(D12,'• Code Numéro dossier'!A:A,0)),"") -> الأداء والإفراغ | D12: 1303 | E12: 05/12/2024 | F12: 05/12/2024 | H12: Civile | I12: =IFERROR(INDEX('• Nature affaire juridique'!B:B,MATCH(H12,'• Nature affaire juridique'!A:A,0)),"") -> CIVIL | J12: Tribunal de 1ère instance de Rabat / المحكمة الابتدائية - الرباط | K12: =IFERROR(INDEX('• Référence de tribunal'!A:A,MATCH(J12,'• Référence de tribunal'!B:B,0)),"") -> TR_PIN_1
A13: 2024 | B13: 2786 | C13: =IFERROR(INDEX('• Code Numéro dossier'!B:B,MATCH(D13,'• Code Numéro dossier'!A:A,0)),"") -> جنحي عادي استئنافي | D13: 2801 | E13: 45363 | F13: 45363 | H13: Pénale | I13: =IFERROR(INDEX('• Nature affaire juridique'!B:B,MATCH(H13,'• Nature affaire juridique'!A:A,0)),"") -> PENAL | J13: Tribunal d’appel de Rabat / محكمة الاستئناف - بالرباط | K13: =IFERROR(INDEX('• Référence de tribunal'!A:A,MATCH(J13,'• Référence de tribunal'!B:B,0)),"") -> TR_APPL_1
A14: 2024 | B14: 134 | C14: =IFERROR(INDEX('• Code Numéro dossier'!B:B,MATCH(D14,'• Code Numéro dossier'!A:A,0)),"") -> الاستعجالي | D14: 1402 | E14: 45399 | F14: 45399 | H14: Civile | I14: =IFERROR(INDEX('• Nature affaire juridique'!B:B,MATCH(H14,'• Nature affaire juridique'!A:A,0)),"") -> CIVIL | J14: Tribunal de 1ère instance de Rabat / المحكمة الابتدائية - الرباط | K14: =IFERROR(INDEX('• Référence de tribunal'!A:A,MATCH(J14,'• Référence de tribunal'!B:B,0)),"") -> TR_PIN_1
A15: 2024 | B15: 163 | C15: =IFERROR(INDEX('• Code Numéro dossier'!B:B,MATCH(D15,'• Code Numéro dossier'!A:A,0)),"") -> العقار في طور التحفيظ | D15: 1403 | E15: 45589 | F15: 45589 | H15: Civile | I15: =IFERROR(INDEX('• Nature affaire juridique'!B:B,MATCH(H15,'• Nature affaire juridique'!A:A,0)),"") -> CIVIL | J15: Tribunal d’appel de Rabat / محكمة الاستئناف - بالرباط | K15: =IFERROR(INDEX('• Référence de tribunal'!A:A,MATCH(J15,'• Référence de tribunal'!B:B,0)),"") -> TR_APPL_1
A16: 2024 | B16: 185 | C16: =IFERROR(INDEX('• Code Numéro dossier'!B:B,MATCH(D16,'• Code Numéro dossier'!A:A,0)),"") -> التذييل بالصيغة التنفيذية)أسرة) | D16: 1614 | E16: 45411 | F16: 45411 | H16: Civile | I16: =IFERROR(INDEX('• Nature affaire juridique'!B:B,MATCH(H16,'• Nature affaire juridique'!A:A,0)),"") -> CIVIL | J16: Tribunal de 1ère instance de Rabat / المحكمة الابتدائية - الرباط | K16: =IFERROR(INDEX('• Référence de tribunal'!A:A,MATCH(J16,'• Référence de tribunal'!B:B,0)),"") -> TR_PIN_1
A17: 2024 | B17: 396 | C17: =IFERROR(INDEX('• Code Numéro dossier'!B:B,MATCH(D17,'• Code Numéro dossier'!A:A,0)),"") -> الأداء والإفراغ | D17: 1303 | E17: 45475 | F17: 45475 | H17: Civile | I17: =IFERROR(INDEX('• Nature affaire juridique'!B:B,MATCH(H17,'• Nature affaire juridique'!A:A,0)),"") -> CIVIL | J17: Tribunal d’appel de Casablanca / محكمة الاستئناف - الدر البيضاء | K17: =IFERROR(INDEX('• Référence de tribunal'!A:A,MATCH(J17,'• Référence de tribunal'!B:B,0)),"") -> TR_APPL_8
A18: 2024 | B18: 3 | C18: =IFERROR(INDEX('• Code Numéro dossier'!B:B,MATCH(D18,'• Code Numéro dossier'!A:A,0)),"") -> جنحي عادي استئنافي | D18: 2801 | E18: 45425 | F18: 45425 | H18: Pénale | I18: =IFERROR(INDEX('• Nature affaire juridique'!B:B,MATCH(H18,'• Nature affaire juridique'!A:A,0)),"") -> PENAL | J18: Tribunal d’appel de Rabat / محكمة الاستئناف - بالرباط | K18: =IFERROR(INDEX('• Référence de tribunal'!A:A,MATCH(J18,'• Référence de tribunal'!B:B,0)),"") -> TR_APPL_1
A19: 2024 | B19: 21 | C19: =IFERROR(INDEX('• Code Numéro dossier'!B:B,MATCH(D19,'• Code Numéro dossier'!A:A,0)),"") -> جنحي عادي تأديبي | D19: 2101 | E19: 45365 | F19: 45365 | H19: Pénale | I19: =IFERROR(INDEX('• Nature affaire juridique'!B:B,MATCH(H19,'• Nature affaire juridique'!A:A,0)),"") -> PENAL | J19: Tribunal d’appel de Rabat / محكمة الاستئناف - بالرباط | K19: =IFERROR(INDEX('• Référence de tribunal'!A:A,MATCH(J19,'• Référence de tribunal'!B:B,0)),"") -> TR_APPL_1

Sheet • Code Numéro dossier
A1: 7101 | B1: القضايا الاستعجالية
A2: 7102 | B2: الأوامر المبنية على طلب
A3: 7103 | B3: المصادقة على الحجز
A4: 7106 | B4: إيقاف التنفيذ
A5: 7109 | B5: تحصيل ديون الخزينة
A6: 7113 | B6: المنازعات الضريبية في الموضوع
A7: 7201 | B7: الاستعجالي
A8: 7202 | B8: الاستعجالي )مستأنف)
A9: 7209 | B9: المنازعات الضريبية في الموضوع
A10: 7213 | B10: تحصيل ديون الخزينة
A11: 7601 | B11: التنفيذ
A12: 7602 | B12: الإنابات الواردة تنفيذ
... A426: 8315 | B426: مسطرة الإنقاذ

Sheet • Nature affaire juridique
A1: Pénale | B1: PENAL
A2: Commerciale | B2: COMMERC
A3: Civile | B3: CIVIL
A4: Administrative | B4: ADM

Sheet • Référence de tribunal
A1: TR_ADM_APPL_1 | B1: Tribunal d’appel administratif de Rabat / محكمة الاستئناف الإدارية بالرباط
A2: TR_ADM_APPL_2 | B2: Tribunal d’appel administratif de Marrakech / محكمة الإستئناف الإدارية بمراكش
A3: TR_ADM_PIN_1 | B3: Tribunal administratif de Rabat / المحكمة الإدارية بالرباط
A4: TR_ADM_PIN_2 | B4: Tribunal administratif de Casablanca / المحكمة الإدارية بالدار البيضاء
A5: TR_ADM_PIN_3 | B5: Tribunal administratif de Fes / المحكمة الإدارية بفاس
A6: TR_ADM_PIN_4 | B6: Tribunal administratif de Meknes / المحكمة الإدارية بمكناس
A7: TR_ADM_PIN_5 | B7: Tribunal administratif de Oujda / المحكمة الإدارية بوجدة
A8: TR_ADM_PIN_6 | B8: Tribunal administratif de Marrakech / المحكمة الإدارية بمراكش
A9: TR_ADM_PIN_7 | B9: Tribunal administratif de Agadir / المحكمة الإدارية بأكادير
A10: TR_COM_APPL_1 | B10: Tribunal d’appel commercial de Casablanca / محكمة الاستئناف التجارية - الدار البيضاء
A11: TR_COM_APPL_2 | B11: Tribunal d’appel commercial de Marrakech / محكمة الاستئناف التجارية - مراكش
A12: TR_COM_APPL_3 | B12: Tribunal d’appel commercial de Fes / محكمة الاستئناف التجارية - فاس
... A125: TR_PIN_83 | B125: Tribunal de 1ère instance de Sidi Ifni / المحكمة الابتدائية سيدي إفني
